{"ri_values":["1021680","1021678","3 i2+1019521","1023570","\\frac{4094265}{4}","\\frac{1}{8} \\left(45 i2+8156175\\right)","\\frac{1}{8} \\left(45 i2+17280 i1+15\\right)","1890","\\frac{7553}{4}","\\frac{1}{8} \\left(21 i2+7\\right)","2"],"symbol_ranges":["R >= 2","R >= 2","i2 = 719 and R >= 2","R >= 2","R >= 2","i2 = 719 and R >= 2","i1 = 472 and i2 = 719 and R >= 2","R >= 2","R >= 2","i2 = 719 and R >= 2","R >= 2"],"counts":["720 R-720","719 R-719","R-1","42480 R-42480","42421 R-42421","58 R-58","R-1","302400 R+42480","301980 R+42421","420 R+59","345600 R"],"portions":["\\frac{1}{1440}","\\frac{719}{1036800}","\\frac{1}{1036800}","\\frac{59}{1440}","\\frac{42421}{1036800}","\\frac{29}{518400}","\\frac{1}{1036800}","\\frac{7}{24}","\\frac{5033}{17280}","\\frac{7}{17280}","\\frac{1}{3}"],"total_count":"1036800 R","miss_ratio_curve":{"miss_ratio":[1.0,0.6666666666666667,0.37500000000000006,0.08333333333333343,0.08263888888888898,0.08194444444444454,0.040972222222222326,1.1102230246251565e-16],"turning_points":[0.0,2.0,1259.3333333333335,1260.0833333333335,86242.41666666676,86242.58194444454,86397.12916666675,86397.29305555564]},"analysis_time":{"secs":0,"nanos":181443794}}
