{"ri_values":["1036779","1036777","\\frac{8294253}{8}","\\frac{8294223}{8}","\\frac{1}{8} \\left(24 i2+8282895\\right)","\\frac{21}{8}","\\frac{7}{8}","2"],"symbol_ranges":["R >= 2","R >= 2","R >= 2","R >= 2","i2 = 472 and R >= 2","R >= 2","R >= 2","R >= 2"],"counts":["720 R-720","720 R-720","42480 R-42480","41760 R-41760","720 R-720","302400 R+42480","302400 R+42480","345600 R"],"portions":["\\frac{1}{1440}","\\frac{1}{1440}","\\frac{59}{1440}","\\frac{29}{720}","\\frac{1}{1440}","\\frac{7}{24}","\\frac{7}{24}","\\frac{1}{3}"],"total_count":"1036800 R","miss_ratio_curve":{"miss_ratio":[1.0,0.7083333333333335,0.08333333333333343,0.04166666666666677,0.040972222222222326,1.1102230246251565e-16],"turning_points":[0.0,0.0,1.416666666666667,86399.33333333343,86399.41666666676,86399.49861111121]},"analysis_time":{"secs":0,"nanos":127663556}}
