{"ri_values":["501242","501194","501201","1993","497242","497243","1945","7","\\frac{1940855}{4}","\\frac{3881725}{8}","\\frac{3897}{2}","8","\\frac{7}{2}","4","485212","485213","1","\\frac{7}{4}","2","\\frac{21}{8}","3","5"],"symbol_ranges":["R >= 2","R >= 2","R >= 2","R >= 2","R >= 2","R >= 2","R >= 2","R >= 2","R >= 2","R >= 2","R >= 2","R >= 2","R >= 2","R >= 2","R >= 2","R >= 2","R >= 2","R >= 2","R >= 2","R >= 2","R >= 2","R >= 2"],"counts":["500 R-500","500 R-500","15000 R-15000","250 R-1","R-1","R-1","250 R-1","233250 R+15000","30 R-30","30 R-30","7500 R-30","500 R","54250 R+30","63000 R","R-1","R-1","125250 R","217 R+30","251 R","217 R+30","R","250 R"],"portions":["\\frac{2}{2005}","\\frac{2}{2005}","\\frac{12}{401}","\\frac{1}{2005}","\\frac{1}{501250}","\\frac{1}{501250}","\\frac{1}{2005}","\\frac{933}{2005}","\\frac{3}{50125}","\\frac{3}{50125}","\\frac{6}{401}","\\frac{2}{2005}","\\frac{217}{2005}","\\frac{252}{2005}","\\frac{1}{501250}","\\frac{1}{501250}","\\frac{501}{2005}","\\frac{217}{501250}","\\frac{251}{501250}","\\frac{217}{501250}","\\frac{1}{501250}","\\frac{1}{2005}"],"total_count":"501250 R","miss_ratio_curve":{"miss_ratio":[1.0000000000000002,0.7496917705735663,0.7487581047381549,0.6405266832917709,0.5148408977556113,0.5143421446384043,0.04900548628428961,0.048007980049875644,0.04750922693266866,0.032546633416459185,0.0320478802992522,0.03204588528678337,0.03198403990024971,0.03192418952618487,0.03192219451371604,0.031920199501247214,0.03092269326683325,0.000997506234414298,3.3306690738754696e-16],"turning_points":[0.0,1.0000000000000002,1.7496917705735666,2.4984498753117217,3.138976558603493,3.653817456359104,4.682501745635912,4.731507231920202,97.72296458852932,97.86549226932733,99.330090773068,15585.474761097417,15585.506806982705,15585.570775062506,15969.523002493932,15969.554924688446,16095.671632917873,16095.888091770741,16095.928989526352]},"analysis_time":{"secs":6,"nanos":926203153}}
