{"ri_values":["367537","367501","367534","1488 i2+1486","367498","\\frac{1470001}{4}","\\frac{1469989}{4}","738048","738012","369027","368986","369015","368983","1490","1481","1449","4","\\frac{1475895}{4}","\\frac{2952045}{4}","\\frac{1475941}{4}","\\frac{21}{4}","\\frac{5793}{4}","\\frac{5759}{4}","\\frac{55}{8}","\\frac{11}{4}","\\frac{3}{4}","\\frac{7}{8}","2"],"symbol_ranges":["R >= 2","R >= 2","R >= 2","i2 = 246 and R >= 2","R >= 2","R >= 2","R >= 2","R >= 2","R >= 2","R >= 2","R >= 2","R >= 2","R >= 2","R >= 2","R >= 2","R >= 2","R >= 2","R >= 2","R >= 2","R >= 2","R >= 2","R >= 2","R >= 2","R >= 2","R >= 2","R >= 2","R >= 2","R >= 2"],"counts":["49400 R-247","49400 R-247","49300 R-246","100 R-1","49400 R-247","1482000 R-7410","1482000 R-7410","400 R-4","400 R-4","200 R-1","200 R-1","200 R-1","200 R-1","49400 R","49400 R","98800 R","12251200 R","6000 R-30","12000 R-120","6000 R-30","32140800 R+14970","1482000 R","1482000 R","1537600 R","1488000 R","9225600 R+30","10763200 R","49600 R"],"portions":["\\frac{247}{369024}","\\frac{247}{369024}","\\frac{493}{738048}","\\frac{1}{738048}","\\frac{247}{369024}","\\frac{1235}{61504}","\\frac{1235}{61504}","\\frac{1}{184512}","\\frac{1}{184512}","\\frac{1}{369024}","\\frac{1}{369024}","\\frac{1}{369024}","\\frac{1}{369024}","\\frac{247}{369024}","\\frac{247}{369024}","\\frac{247}{184512}","\\frac{247}{1488}","\\frac{5}{61504}","\\frac{5}{30752}","\\frac{5}{61504}","\\frac{27}{62}","\\frac{1235}{61504}","\\frac{1235}{61504}","\\frac{1}{48}","\\frac{5}{248}","\\frac{1}{8}","\\frac{7}{48}","\\frac{1}{1488}"],"total_count":"73804800 R","miss_ratio_curve":{"miss_ratio":[0.9999999999999998,0.7291666666666664,0.708333333333333,0.542338709677419,0.10685483870967717,0.08602150537634384,0.06594151057925748,0.04586151578217112,0.04452284946236536,0.04385351630246248,0.043184183142559604,0.02310418834547324,0.02243485518557036,0.0023548603884839957,0.0016855272285811167,0.0010161940686782378,0.0003468609087753589,0.0002655653832810821,0.0002628555324312729,0.00018156000693699608,0.00017885015608718686,0.00017614030523737764,0.00017343045438756842,0.000010839403399014861,5.419701699396408e-6,-2.220446049250313e-16],"turning_points":[0.0,0.0,1.4583333333333328,2.874999999999999,3.417338709677418,3.524193548387095,126.79301075268782,127.38648434790113,127.4323458636833,128.857077046479,129.25175869320117,15934.965078152014,15934.98818234036,15935.03305205073,15935.035406911118,15935.091029309662,15935.094077891868,15935.59217015687,15935.594825810702,15935.595351521766,15935.595533081772,15935.6007197363,15935.602833419962,15999.595896201705,15999.595907041108,15999.59610215037]},"analysis_time":{"secs":30,"nanos":978248315}}
