{"ri_values":["1569","1567","1563","1565","\\frac{12479}{8}","\\frac{3133}{2}","\\frac{3145}{2}","\\frac{7}{2}","4","\\frac{19}{4}","\\frac{7}{4}","\\frac{31}{8}","\\frac{7}{8}","1"],"symbol_ranges":["R >= 2","R >= 2","R >= 2","R >= 2","R >= 2","R >= 2","R >= 2","R >= 2","R >= 2","R >= 2","R >= 2","R >= 2","R >= 2","R >= 2"],"counts":["100 R-1","200 R-1","200 R-1","200 R-1","9600 R-48","9600 R-48","100 R","69000 R+48","600 R","9800 R","69600 R","9800 R","138200 R+48","1400 R"],"portions":["\\frac{1}{3184}","\\frac{1}{1592}","\\frac{1}{1592}","\\frac{1}{1592}","\\frac{6}{199}","\\frac{6}{199}","\\frac{1}{3184}","\\frac{345}{1592}","\\frac{3}{1592}","\\frac{49}{1592}","\\frac{87}{398}","\\frac{49}{1592}","\\frac{691}{1592}","\\frac{7}{1592}"],"total_count":"318400 R","miss_ratio_curve":{"miss_ratio":[1.0,0.5659547738693469,0.34296482412060314,0.09547738693467347,0.0628140703517589,0.03266331658291469,0.032035175879397096,0.031407035175879505,0.0012562814070352867,0.0006281407035176989,0.00031407035175890494,1.1102230246251565e-16],"turning_points":[0.0,0.0,0.5659547738693469,1.2518844221105532,1.3473618090452266,99.02324120603032,99.15389447236198,99.21796482412078,99.24937185929666,99.2506281407037,99.25188442211073,99.25282663316601]},"analysis_time":{"secs":1,"nanos":716468920}}
