{"ri_values":["95993603","480000 i1+473603","95987203","475200","468800","95521572","\\frac{767897645}{8}","470200","\\frac{191043151}{2}","1400","1600","3","1572","\\frac{21}{8}","\\frac{3151}{2}","\\frac{7}{2}","1"],"symbol_ranges":["R >= 2","i1 = 199 and R >= 2","R >= 2","R >= 2","R >= 2","R >= 2","R >= 2","R >= 2","R >= 2","R >= 2","R >= 2","R >= 2","R >= 2","R >= 2","R >= 2","R >= 2","R >= 2"],"counts":["199 R-199","R-1","200 R-200","80000 R-400","80000 R-400","200 R-200","7200 R-7200","2880000 R-14400","9800 R-9800","20720000 R+14400","240000 R","23940600 R","59800 R","51800 R+7200","2930200 R","21000000 R+9800","24000000 R"],"portions":["\\frac{199}{96000000}","\\frac{1}{96000000}","\\frac{1}{480000}","\\frac{1}{1200}","\\frac{1}{1200}","\\frac{1}{480000}","\\frac{3}{40000}","\\frac{3}{100}","\\frac{49}{480000}","\\frac{259}{1200}","\\frac{1}{400}","\\frac{39901}{160000}","\\frac{299}{480000}","\\frac{259}{480000}","\\frac{14651}{480000}","\\frac{7}{32}","\\frac{1}{4}"],"total_count":"96000000 R","miss_ratio_curve":{"miss_ratio":[1.0,0.7500000000000001,0.7494604166666667,0.28132916666666674,0.06549583333333345,0.06487291666666678,0.03435000000000011,0.03185000000000011,0.031016666666666776,0.0010166666666667776,0.00018333333333344433,0.000181250000000111,0.00007916666666677768,0.00007708333333344435,2.0833333334443553e-6,1.1102230246251565e-16],"turning_points":[0.0,1.0,1.75,2.4994604166666665,395.5163062500001,406.78158958333347,406.9762083333335,407.8349583333335,15288.154958333384,15331.578291666718,15336.661625000052,32761.8298250106,32761.830368760602,32798.69258542732,32798.692739593986,32798.70606876065]},"analysis_time":{"secs":1,"nanos":117614599}}
