{"ri_values":["1576016","\\frac{12607991}{8}","1583970","1579989","1579993","3907","3903","\\frac{12671623}{8}","\\frac{12639807}{8}","16","7","4","\\frac{31119}{8}","\\frac{79}{8}","\\frac{17}{2}","\\frac{7}{2}","\\frac{7}{8}","1"],"symbol_ranges":["R >= 2","R >= 2","R >= 2","R >= 2","R >= 2","R >= 2","R >= 2","R >= 2","R >= 2","R >= 2","R >= 2","R >= 2","R >= 2","R >= 2","R >= 2","R >= 2","R >= 2","R >= 2"],"counts":["79200 R-792","1900800 R-19008","400 R-4","100 R-1","300 R-3","119100 R","39700 R","9600 R-96","9600 R-96","3900400 R","27700800 R","15800600 R","3811200 R","5850600 R","1950200 R","13890200 R","82505400 R+19200","835800 R"],"portions":["\\frac{99}{198005}","\\frac{2376}{198005}","\\frac{1}{396010}","\\frac{1}{1584040}","\\frac{3}{1584040}","\\frac{1191}{1584040}","\\frac{397}{1584040}","\\frac{12}{198005}","\\frac{12}{198005}","\\frac{49}{1990}","\\frac{174}{995}","\\frac{397}{3980}","\\frac{4764}{198005}","\\frac{147}{3980}","\\frac{49}{3980}","\\frac{349}{3980}","\\frac{2073}{3980}","\\frac{21}{3980}"],"total_count":"158404000 R","miss_ratio_curve":{"miss_ratio":[1.0,0.4791457286432161,0.4738693467336684,0.3861809045226131,0.2864321608040202,0.11155778894472371,0.09924623115577899,0.06231155778894483,0.037688442211055384,0.013628443726168641,0.013377818741951071,0.01262594378929836,0.0006262468119493041,0.00012625943789309352,0.0000656549077044619,0.000065023610514997,0.00006312971894660227,2.525188757970672e-6,1.1102230246251565e-16],"turning_points":[0.0,0.0,0.4791457286432161,1.4268844221105528,1.8130653266331658,2.6723618090452264,2.78391959798995,2.883165829145729,3.319346733668343,149.28668341708584,149.4774816292522,149.53099290422,19998.663590566066,19998.67486300868,19999.1747241233,19999.17564329201,19999.17590338645,19999.425833943762,19999.42587939716]},"analysis_time":{"secs":16,"nanos":511070514}}
