{"ri_values":["681120","2 i2+679682","682380","\\frac{1}{4} \\left(15 i2+2718735\\right)","\\frac{1}{4} \\left(15 i2+5760 i1+15\\right)","1260","\\frac{1}{4} \\left(7 i2+7\\right)"],"symbol_ranges":["R >= 2","i2 = 719 and R >= 2","R >= 2","i2 = 719 and R >= 2","i1 = 472 and i2 = 719 and R >= 2","R >= 2","i2 = 719 and R >= 2"],"counts":["1439 R-1439","R-1","84901 R-84901","58 R-58","R-1","604380 R+84901","420 R+59"],"portions":["\\frac{1439}{691200}","\\frac{1}{691200}","\\frac{84901}{691200}","\\frac{29}{345600}","\\frac{1}{691200}","\\frac{10073}{11520}","\\frac{7}{11520}"],"total_count":"691200 R","miss_ratio_curve":{"miss_ratio":[1.0,0.12499999999999997,0.12291666666666665,0.0],"turning_points":[0.0,1260.0,86242.49999999999,86397.37499999999]},"analysis_time":{"secs":0,"nanos":120629304}}
