{"ri_values":["691186","\\frac{2764751}{4}","\\frac{1}{4} \\left(8 i2+2760975\\right)","\\frac{7}{4}"],"symbol_ranges":["R >= 2","R >= 2","i2 = 472 and R >= 2","R >= 2"],"counts":["1440 R-1440","84240 R-84240","720 R-720","604800 R+84960"],"portions":["\\frac{1}{480}","\\frac{39}{320}","\\frac{1}{960}","\\frac{7}{8}"],"total_count":"691200 R","miss_ratio_curve":{"miss_ratio":[1.0,0.125,0.12291666666666666,0.0],"turning_points":[0.0,1.0,86399.125,86399.24791666666]},"analysis_time":{"secs":0,"nanos":89951666}}
