{"ri_values":["1036779","\\frac{8294253}{8}","\\frac{1}{8} \\left(24 i2+8282925\\right)","\\frac{21}{8}"],"symbol_ranges":["R >= 2","R >= 2","i2 = 472 and R >= 2","R >= 2"],"counts":["2160 R-2160","126720 R-126720","720 R-720","907200 R+127440"],"portions":["\\frac{1}{480}","\\frac{11}{90}","\\frac{1}{1440}","\\frac{7}{8}"],"total_count":"1036800 R","miss_ratio_curve":{"miss_ratio":[1.0,0.125,0.12291666666666666,0.0],"turning_points":[0.0,2.0,129599.125,129599.37083333333]},"analysis_time":{"secs":0,"nanos":209199783}}
